Ref,Val,Package,PosX,PosY,Rot,Side
"C15","CC0603104050AAAX7R","CAP-0603",101.500000,22.250000,0.000000,bottom
"C16","CC0805226025AABX5R","CAP-0805",101.500000,24.000000,0.000000,bottom
"C17","CC0805226025AABX5R","CAP-0805",101.500000,26.000000,0.000000,bottom
"C18","CC0603104050AAAX7R","CAP-0603",105.500000,20.000000,90.000000,bottom
"C19","CC0603226010AABX5R","CAP-0603",104.000000,20.000000,90.000000,bottom
"D4","TVSCDSOT23-SM712","SOT-23-3",115.000000,30.000000,0.000000,bottom
"D5","TVSCDSOT23-SM712","SOT-23-3",108.500000,11.000000,-90.000000,bottom
"D6","TVSCDSOT23-SM712","SOT-23-3",117.000000,16.000000,-90.000000,bottom
"D8","TVSCDSOT23-SM712","SOT-23-3",47.000000,21.000000,0.000000,bottom
"FID4","~","FID1.0x1.5mm Round",12.000000,2.500000,180.000000,bottom
"FID5","~","FID1.0x1.5mm Round",108.000000,3.000000,180.000000,bottom
"FID6","~","FID1.0x1.5mm Round",12.000000,81.000000,180.000000,bottom
"IC4","USP3485CN-L/TR","SOIC-8",98.000000,30.000000,0.000000,bottom
"Q7","QBC847BDW1T1G","SC-70-6",77.500000,21.000000,-90.000000,bottom
"R4","RC060310K2075AAA","RES-0603",57.000000,11.000000,0.000000,bottom
"R5","RC0805121150AAB","RES-0805",114.000000,36.000000,90.000000,bottom
"R6","RC12101K2200AAC","RES-1210",5.000000,48.500000,180.000000,bottom
"R7","RC12101K2200AAC","RES-1210",5.000000,43.500000,180.000000,bottom
"R8","RC12101K2200AAC","RES-1210",5.000000,38.500000,180.000000,bottom
"R9","RC06010K2075AAA","RES-0603",21.000000,48.500000,180.000000,bottom
"R10","RC06010K2075AAA","RES-0603",21.000000,43.000000,180.000000,bottom
"R11","RC06010K2075AAA","RES-0603",21.000000,38.000000,180.000000,bottom
"R12","RC12101K2200AAC","RES-1210",5.000000,28.000000,180.000000,bottom
"R13","RC12101K2200AAC","RES-1210",5.000000,23.000000,180.000000,bottom
"R14","RC12101K2200AAC","RES-1210",5.000000,18.000000,180.000000,bottom
"R15","RC06010K2075AAA","RES-0603",21.000000,27.500000,180.000000,bottom
"R16","RC06010K2075AAA","RES-0603",21.000000,22.000000,180.000000,bottom
"R17","RC06010K2075AAA","RES-0603",21.000000,16.000000,180.000000,bottom
"R18","RC060322K1075AAA","RES-0603",109.500000,18.000000,180.000000,bottom
"R19","RC060347K5075AAA","RES-0603",102.500000,20.000000,90.000000,bottom
"R20","RC060310K2075AAA","RES-0603",80.500000,21.000000,-90.000000,bottom
"R21","RC060310K2075AAA","RES-0603",74.500000,21.000000,-90.000000,bottom
"R22","RC06031K0075AAA","RES-0603",99.000000,18.000000,0.000000,bottom
"R23","RC060310K2075AAA","RES-0603",61.500000,32.000000,-90.000000,bottom
"R24","RC060310K2075AAA","RES-0603",62.000000,24.500000,180.000000,bottom
"R26","RC08050R2075AAE","RES-0805",100.000000,61.000000,180.000000,bottom
"R27","RC08050R2075AAE","RES-0805",100.000000,63.000000,180.000000,bottom
"R30","RC060310K2075AAA","RES-0603",66.500000,14.000000,-90.000000,bottom
"C1","CC1206106050AAAX7R","CAP-1206",29.500000,65.000000,-90.000000,top
"C2","CC1206106050AAAX7R","CAP-1206",29.500000,50.000000,-90.000000,top
"C3","CC1206106050AAAX7R","CAP-1206",32.000000,65.000000,-90.000000,top
"C4","CC1206106050AAAX7R","CAP-1206",32.000000,50.000000,-90.000000,top
"C5","CC0603104050AAAX7R","CAP-0603",38.000000,72.250000,0.000000,top
"C6","CC0603104050AAAX7R","CAP-0603",38.000000,57.250000,0.000000,top
"C7","CC1210226025AAAX7R","CAP-1210",48.000000,67.000000,-90.000000,top
"C8","CC1210226025AAAX7R","CAP-1210",44.000000,52.000000,-90.000000,top
"C9","CC1210226025AAAX7R","CAP-1210",44.000000,67.000000,-90.000000,top
"C10","CC1210226025AAAX7R","CAP-1210",48.000000,52.000000,-90.000000,top
"C11","CC0603104050AAAX7R","CAP-0603",71.000000,33.000000,90.000000,top
"C12","CC0603104050AAAX7R","CAP-0603",75.500000,33.000000,90.000000,top
"C13","CC0603226010AABX5R","CAP-0603",77.500000,33.000000,90.000000,top
"C14","CC0603226010AABX5R","CAP-0603",79.500000,33.000000,90.000000,top
"C20","CC0603104050AAAX7R","CAP-0603",107.500000,21.000000,90.000000,top
"C21","CC0603226010AABX5R","CAP-0603",109.000000,21.000000,90.000000,top
"C22","CEA771MS107M1JLAS018","A768MS157M1HLAE024",92.000000,75.500000,180.000000,top
"C23","CC0603104050AAAX7R","CAP-0603",99.500000,68.500000,0.000000,top
"C24","CC0603104050AAAX7R","CAP-0603",99.500000,67.000000,0.000000,top
"C25","CC0603104050AAAX7R","CAP-0603",102.000000,57.000000,-90.000000,top
"C26","CC0603103050AAAX7R","CAP-0603",97.000000,57.000000,90.000000,top
"C27","CC0603474050AAAX7R","CAP-0603",89.000000,68.000000,0.000000,top
"C28","CC0603104050AAAX7R","CAP-0603",89.000000,52.000000,180.000000,top
"C29","CC0603226010AABX5R","CAP-0603",89.000000,50.500000,180.000000,top
"CN5","KUSB4105-GF-A","GCT_USB4105-GF-A",117.000000,16.000000,90.000000,top
"CN6","KHS4B-PH-SM4-TB(LF)(SN)","S4B-PH-SM4-TB",75.000000,74.000000,180.000000,top
"D1","DLQ62702P5179","LED-0805",46.000000,75.000000,0.000000,top
"D2","DLQ62702P5179","LED-0805",46.000000,60.000000,0.000000,top
"D3","DSSS26SHE3_B_H","SMA",20.000000,67.000000,180.000000,top
"D7","TVSCDSOT23-SM712","SOT-23-3",69.000000,4.000000,0.000000,top
"D9","DLLS R976-NR-1","LED-0805",62.000000,40.000000,0.000000,top
"FID1","~","FID1.0x1.5mm Round",12.000000,2.500000,0.000000,top
"FID2","~","FID1.0x1.5mm Round",108.000000,3.000000,0.000000,top
"FID3","~","FID1.0x1.5mm Round",12.000000,81.000000,0.000000,top
"IC1","PMAP63203WU-7","TSOT-26-6",36.000000,69.000000,-90.000000,top
"IC2","PMAP63205WU-7","TSOT-26-6",36.000000,54.000000,-90.000000,top
"IC3","ESP32-WROOM-32UE-N16","ESP32WROOM32UE",68.000000,20.000000,-90.000000,top
"IC5","UCP2102C-A01-GQFN28","QFN-28",104.000000,15.500000,180.000000,top
"IC6","UDRV8825PWPR","HTSSOP-28",92.000000,62.000000,180.000000,top
"IC7","UTMP36GRTZ-REEL7","SOT-23-5",94.000000,52.000000,0.000000,top
"L1","LSRP2512-2R2M","IND-1005",40.250000,69.000000,0.000000,top
"L2","LSRP2512-2R2M","IND-1005",40.250000,54.000000,0.000000,top
"MH1","~","M3MountingHole",5.000000,5.000000,0.000000,top
"MH2","~","M3MountingHole",5.000000,80.000000,0.000000,top
"MH3","~","M3MountingHole",115.000000,5.000000,0.000000,top
"MH4","~","M3MountingHole",115.000000,80.000000,0.000000,top
"Q1","QTCMT1600T3","TCMT1600T3",21.000000,48.500000,0.000000,top
"Q2","QTCMT1600T3","TCMT1600T3",21.000000,43.000000,0.000000,top
"Q3","QTCMT1600T3","TCMT1600T3",21.000000,38.000000,0.000000,top
"Q4","QTCMT1600T3","TCMT1600T3",21.000000,27.500000,0.000000,top
"Q5","QTCMT1600T3","TCMT1600T3",21.000000,22.000000,0.000000,top
"Q6","QTCMT1600T3","TCMT1600T3",21.000000,16.000000,0.000000,top
"R1","RC0603330075AAA","RES-0603",46.000000,72.000000,0.000000,top
"R2","RC0603510075AAA","RES-0603",46.000000,57.000000,0.000000,top
"R3","RC0603682075AAA","RES-0603",73.300000,33.000000,-90.000000,top
"R25","RC06031M0075AAA","RES-0603",100.000000,57.000000,-90.000000,top
"R28","RC060350K075AAA","RES-0603",86.000000,68.000000,180.000000,top
"R29","RC060330K075AAA","RES-0603",82.500000,68.000000,180.000000,top
"R31","RC06031K0075AAA","RES-0603",70.250000,78.000000,0.000000,top
"R32","RC0603330075AAA","RES-0603",62.000000,37.000000,0.000000,top
"S1","SW435151014845","435151014845",57.000000,4.000000,180.000000,top
"S2","SW435151014845","435151014845",80.000000,4.000000,180.000000,top
